client_id	path	sentence_id	sentence	sentence_domain	up_votes	down_votes	age	gender	accents	variant	locale	segment
02c9eef1805cc4b7c5922f0b816def65ae4c4997f1c332a269a9b635238ef342153a7144ee11ef7192ea1737f70691391909052d754728f56b0c9840aaa9df8d	common_voice_en_43199993.mp3	fa7ef4a14583f9cd09429471d8740edb235f07edf30580240b842f2dcb8e1fec	In this phase, the party was based in Eastern Norway.		2	0			British English,Cornish English		en	
06c3ce6c362cb98ab3d50d2b2c34bdd84e73584e9a7a5a7c4ea4d8297aeda4afeef761f74f4e06741f551faaf9671fc86606a1e3ebda8c5dfbb23656e9b96a3b	common_voice_en_42736613.mp3	f8a8adc4e17873eca165691ef65cc4fbf61f02e86b8958653479ff91bf0795fc	There is also an interchange with the Thousand Islands Parkway on the Ontario side.		2	0	twenties	female_feminine	United States English		en	
0f96302cb9d236c534f6608f1b152eeba8ea295b975d829bde366bba47ecd40f594e8cba39e0892ae4c714b1e354a6378ee3c88c75d45d1762597f95768c0aee	common_voice_en_42798328.mp3	f941273f163f3cd7e1d91f29f6f3d9f7d7e8b34b9885d449694edc48573ce8e8	Five days later, Royal Marines boarded the platform and ended the broadcasting.		2	0	thirties	female_feminine	England English		en	
134e0fd7b344e38bd25fc9ba8acf1372406f2a1099378cdd2a0ee7b1ec56e6ab288c076304782cb76887a9f906d95e45da15ea96b962219ac6df855332d5e185	common_voice_en_43204215.mp3	fb31892179330d3e63a25d50a63b9ef2535cd29192b041ba7e0d5a7a2f7a08fb	Only a small Greek state became independent in the Balkans, with limited Russian influence.		2	0			United States English,United States English, but with better than typical diction.		en	
15e07adfee8c774664386125e1b22ed62ade8b32e6720494df56481a5d78c67d1ef9f90d41430d4a60324181fb54350e7b9ae3d9822a32cb5a82f4bcf79e981a	common_voice_en_42706055.mp3	f8986faeab37c4e298d55baaef72dcf38692974d82bb1de26d6637e4ac42a8fb	Knob Noster State Park is nearby.		2	0	fourties		India and South Asia (India, Pakistan, Sri Lanka)		en	
1c45c93748b4fb002a88c7487c95da432d632d2bfdc96b99dda65a1fa1d25a9ae21eadd68de5053a54a93bb9ede37eafac605a25e0fc2bcf096f83ac2ca6ee56	common_voice_en_43139615.mp3	fa1b1a913dfeb2fc7ea927b0e0689cb478fc0b0aee61925c4b400c7aa69a977b	Thus, she brought the water to Jamdagni for his rituals of oblation.		2	0	fourties		United States English		en	
1db3229ee8d83cd788e1e8d2d620e33bee237e71d7e85661b3a630fc682fe52a77e5a3bdf5e67d7a4f98daf99287233dc5935388c6cd7aa46dd8a4248dca4812	common_voice_en_43196525.mp3	fa63cfe0d2685606b616e1256414aa31b42c6547e62ac6cd27c85f3b4ba2749c	Winkler named the element after his country, Germany.		2	0			United States English		en	
1fa92ab97bd0b041f2307b5f6251c873dab1984efc24a1c93342a1ab2bc32ba50176b1a1c95ebd4f24d813ea6668ff7f75c8566ccca9734b6ccad675d8ffc58d	common_voice_en_42752135.mp3	f8cf628944453a805163030f74f8c9f322d9b0529d94bfc724b7ffb8597089cb	Okara is sometimes spread on fields as a natural nitrogen fertilizer.		2	0	twenties	female_feminine	England English		en	
2079970dcf2fd88e61e7108614711bf90bcb3d60ce2729b0bc84d54749b932addfce4c2d654b586fc810bc82456c979a1eb8417cd6315053cacb5be95de170c5	common_voice_en_42799557.mp3	f931a391ea94fc73737cbe6bf2a119c93fa0d7a025d2f1975498bbdd22d057d4	He became proficient in German.		2	0	twenties	female_feminine	Southern African (South Africa, Zimbabwe, Namibia)		en	
271461c947fcaf7ccceb3bcee1321f5ab5cf844ea210ab60915b1c63f2ab99b7a67d39221d595fecb7dde38fb8cc191517f4c10734e48ffe6c16d6fdd35c6370	common_voice_en_43193287.mp3	fa6332790b5ac7881cd7aa4efeb99e9463b1302c5961552d7941f376351a1fc8	Doctor T. S. Lin was then appointed as president of the school.		2	0	sixties	male_masculine	midwestern united states		en	
2eeefcd1dcd93c9d57e14ffc1e741ce7746e0d51f1bc96cf31921feb74d44114dd7d5107fdfe3aa976bd330baabe5d6d4f411e5edc350a248d10ca1929b51c88	common_voice_en_42727108.mp3	f899a48c5436d46259ca6425a38d3ca78ebb4506064c1135a7b72a7472d4391c	His siblings included Lewis Rudolph, who would later help found Krispy Kreme.		2	0	twenties		Thai English		en	
33eed3a8d8cdb0250df3ed7deb158a918722be78ce5e786653f6b839739d7a75f4ff5a67e552f5cc7999dd013b6e2eb5f143e4db99470d5af6b4f89b1682245c	common_voice_en_42791629.mp3	f9595857ca7a73476ebf3482b5dedefb01475a8558d523fb901509d043359fd3	The Red Hill Junior Senior High School is located in Bridgeport.		2	0		female_feminine	Ugandan		en	
35ee6eb56ad5081dcb8f3fd64fae3d9df7c2e072bfb73a5d954a9892c7cc1f01a9361b978ee94b09048d1ed4e8e6d858358ddbbc075f8fe8eddf2ec34a6597fd	common_voice_en_43200118.mp3	faed51de9f6235adb741f1b32107f1640f231e35d937508adcdd572ede3f9f74	Just over two years earlier Wilson had challenged Gaitskell for the party leadership.		2	0	eighties	male_masculine	United States English		en	
3cb2ef0dae77c9d1bcbed706c3fa924deca9a55f9e21adc6e35e43b262909181a622ceb855033406a9a4afe295467a2ea240491844222f122adffe22c293d45f	common_voice_en_42817051.mp3	f989f0538db7f32e6a3da2d65454ef118301ab0f03565674ed6f5c91076c6edf	There have been a number of improvements to the campus in recent years.		2	0	thirties	female_feminine	East African		en	
3ec5458ed7ab1b3c73af190e803c21db1f1a3a4a4e1721955cbc03f760992067d4ac2cd47d63fb9c7011437dc1696910a2dd8be5dc5ed1092f6e4ae1fdf4693e	common_voice_en_42805882.mp3	f95e20dee515ab0fe5b8a94ac8d0be1ca9443a404b5a9d46f720126442336b66	The village is about seven miles north of Barnstaple.		2	0	twenties	female_feminine	England English		en	
440db700ab63de221bfaeff724c4341afcd92ab19f4d1981c5eebd886fd802f27743a3cdfa318b454ae3b406adb93491e3aecf07270e46eb0b5ef68b90251ef7	common_voice_en_43193311.mp3	fa485bfe8578dc7b8a289bf5d91a545c3ca8435abebfa2c6681b943cd0e72485	Many methods have been developed to initiate sluggish Grignard reactions.		2	0			Scottish English,Clackmannnnanshire, Scotland		en	
4959e91cc5fcd79d2a2cba49e869e5cf64bbd3f99e07a6014ffacb14f76f63766691ad79de243bfdae5cfbcaa2f8cd339a576911bda347471997b76ee4abbcd5	common_voice_en_42751082.mp3	f8d47f248b85b1701d26a8b024e0293f87e31f0e42875c203c5cad4c6d65e17f	Its western and southwestern parts have many volcanic rocks.		2	0	twenties	female_feminine	Southern African (South Africa, Zimbabwe, Namibia)		en	
57eeac783dd977a43ff6b6809a5c6969a5424db8f8d921d233e2a6ec120986429a7223257ff29e44815805694b08a3abb76f7e8b73caf6d63b976ea30cf87d67	common_voice_en_42712838.mp3	f89a7e4f0ed337079267a8f94832c117e8f4f965f85c911f75de700bfbbdb2c4	Mudrocks, by definition, consist of at least fifty percent mud-sized particles.		2	0	fifties		United States English		en	
6042b5bbc3b353e2747913a9deed268cb531c9cb76471da048261106158293a836e75c049686d0f8607840179e29695a7a78bdf9006f6f3f7b4296ed86a108a2	common_voice_en_43197727.mp3	fac468a7759bab21a05d368a4ea614c043a2bd8c6f5c2ef3b7efe4cae45706a6	Camping and fires within the park are not permitted.		2	0			Yorkshire, UK		en	
68a72aebc5e67088ad3848b429897ba4aee428f9ebb636b9cac864dd511f07a219970b55c24cfe04ea51144fe6e5aea9062175b380c23b08af768c338a055455	common_voice_en_43198570.mp3	fac6aecfa983e1d8014e355fc10bbdabc07d3b5d093de61dd336ededc276f1b3	The series was renewed for a second season but fared much worse.		2	0			United States English,United States Southeastern English (Charlotte NC)		en	
69cbd55360c1f8df775fb787f0505af2464694b418a042465d2527adc8ca92fe8ef083494ba58c893bd2c014e04c53cb62b86156c644fd5ea54c6857420a00c8	common_voice_en_42806811.mp3	f9468bc416ba670a9bb4e10a82b09083336363a64bbd4301b6302dd0c08ee3fb	The league also runs cup competitions.		3	0	twenties	female_feminine	United States English,Southern African (South Africa, Zimbabwe, Namibia)		en	
6ea192cc37c6c5dff650f7b62a80ad42fec5db64c3178a4d8e98d2c795a2f4b6ed9126f0fdbe05335357e24e339218dfbe2e9c7b16214b436134ccb0025472cb	common_voice_en_42730925.mp3	23dda857711a4c2303de7188153e1073712e06dd6dab0dbb5f2476d8b2f0fcfd	This harmless snake nimbly squirms among the leaves.		2	0			Australian English		en	
72a4d2a29138b80a2fec1446fbc456e07d7e471186b03b29dd7eef9b6c54529c5285a7adad5f620261cd2bc7efa895ce19a07b2bb3648f70bca39452587e5894	common_voice_en_42753835.mp3	f8ebf8057017313ce6f2d6db39fcf4894355802c7e14d11f394caff6be5e7cba	Another is rabbit in gueuze.		2	0	twenties		United States English		en	
74d0ca9c27230cdcdc391c8e7892fb21261fa89609901a2084393e8786cdd044abcd752beecdf4bea3bce7d05fbdbd6f0bd2e8670bc4188defbf869b51f4361b	common_voice_en_43211755.mp3	fb4968e7f97066b164fcc44f6bc89e431beec6d491c7fd594e031445710381ca	Together they have six children and two grandchildren.		2	0	seventies		United States English		en	
76cdb2e27126513678d455f91a7c23bb9853eac9b3df989e87f8f5c2abf3f70744b2bde543d62725ddca21729b1ac4e21aad5a919ede81bc110bb295bd527850	common_voice_en_42816897.mp3	f95cf9a8f05cae1d7796394a79a8cb4ce59e55e5dd7d42b3371651833ed9db31	So 'Cane just said I was awol.		2	0	twenties	female_feminine	United States English		en	
7725d9d99cc872a4cc5e95b1612297064c377464b8a731db72c9aff7551a3af625cabe2b0768aa4251518a4ef41850b1fbf4abe3fc7017b5e07ceb9a1ffc3216	common_voice_en_42830129.mp3	f99cbfd6e669d103ff2468965901f4c1c18e3916ec9cb6aa0cf631aa87975711	He appears to have played there many consecutive years between January and March.		2	0	thirties		Australian English		en	
77d55c2340189f6907410356ec639472691ce6f715fb5b36e5dce6862a94cd50a61380e94f3814420950793fbaeb7de5f242cc4bca01a611498e0fe7b2de75b0	common_voice_en_42808952.mp3	f977d0b9d85dac8184b88e8c42c4b611e5c955ba5606bce4d42d78a70a6e38a1	It draws attention to them and may influence the results of the poll.		2	0	twenties	female_feminine	England English		en	
7a28ab538b4f8acb1007bd961c1985f5bca3d35529334461c665a066936d531fe04bf4942d98da4e0f85b37c1e6319ca9206519bff7ef8b171babda9403aae1a	common_voice_en_43168920.mp3	fa1b83706effb0186b2368789afb2c3234647fae2dfe1c0fca07b3b041ca965c	The suffix is used in some medical terms denoting mental disorders.		2	0	twenties		New Zealand English		en	
7bcd7cf9609bc41d62192bbe649e9f31b946c088739603d4d409ddda957fce17b48949a3bf9e79ce2a78e4d7a7455f49b81f5ed43c4e2eea6a187210a48d415e	common_voice_en_42809713.mp3	f96d0d81dac1201a3fe85a2ba023ba0591b4712836365c88cdd9a786abe43bf4	Both tours were canceled due to the Coronavirus pandemic.		4	0	twenties	female_feminine	England English		en	
9386d33138080e4ceaf3f7196a3fa0d11b65c1a4f3f615098bab81d9aac6352d03f1c0df16a713059034cb96a447e2738853535f5a6ebea1dddb9a707c581d2d	common_voice_en_42711900.mp3	f8a8fe466e8c5c76390f3fda2a9a9eef63467b001539ab6002990f4439b8042b	For example, a full backup could be performed weekly, and partial backups taken nightly.		2	0	twenties		United States English		en	
943ca1b77b403beaa1b491adbcca30a9e67eb320ba51c1000a65cc4690e9ed61bb0e50ab045145e72a093d59a768069b1811a5385eb726295b194785936066ba	common_voice_en_42816075.mp3	f9634bab495c333c034dd55e9ec4aaecd0f1913c367e09a083035cc38639bae2	Her son, Marcello, is a sort of reluctant altar boy.		2	0	twenties	male_masculine	India and South Asia (India, Pakistan, Sri Lanka)		en	
98f9180c9ad97bc7036074b0acd9c4dadf7043e512bc98480f050de52758a9e34c96848e0dc5aa3592c65ceaec405702b8d07acbdf8f42984f9593b00c6bdc5e	common_voice_en_42810263.mp3	f97551d525421d103985b1570eacfb0af26ee77965e96e0bc31fca03c3cf7dd1	They are often black, bay or brown in color.		2	0	thirties	female_feminine	England English		en	
9a826f165ee2fea15f84318aa231a17d8d94c742e13ae2dbb91fed7480b2e2e0069621e2f365c8e885b153c247ecc56a615fceaeeae63498a4de06bd36c5d687	common_voice_en_42814135.mp3	f98a5e86f5c47a34ba002ac443895b0393278a7e9d2a658717d3f11ace64a137	His experiences as a schoolboy there were instrumental in his later work.		2	0			England English		en	
9c2e3a2f343980687d6c73513ef7927f146f2aaa1a50c011bcf785f2520944553eca0c387730a4a1a2b1f61d994966eb89cccb4a9f2f429a8abf321e948b254c	common_voice_en_42787815.mp3	f9251dce962bb5b9e1005ff1d0ad0822ca4937e099277d513ba17f606ed6429b	He was a noted philanthropist.		2	0	twenties	female_feminine	United States English		en	
9dc7640cd4788a8fe0ba0976aef57009f30e120f0e711de65ce103d94cc374d9ce59cbc56195be850de4baff8b578c1cb4907d87b6f33539501450c5856807a7	common_voice_en_42726291.mp3	f8b07bc71f62ef8f7b84c1630a436703d78162b3179b7e5e64a9d442834cc167	The wide interior spaces created by the blending pose novel structural challenges.		2	0			England English		en	
a10dbefa485ee0b7a8b8e0690147097b29c017d01ba9321adb17aaa152ab248df8430c97f6bbb6bde0eac077fecfa5bd5d16032b41b64970fa1f343b8e94c022	common_voice_en_43193788.mp3	fa6b9acac74909ddf07a4677877120df4489d15358b7d056daf01b2b86fe2f65	Irene Dunne requested him for her leading man in "Magnificent Obsession".		2	0			United States English,Mid Atlantic		en	
a738dddbf3ea8e3ed93bc6edc3dda1b2fcf8c477d9d6e389ef0871d2d91261e81c38f430a46f722754b8663ae35824abbbcd576d7cb9e7e8babcdc94cb51c801	common_voice_en_43202293.mp3	fb0946c8fcf1ca1ccdb32337b30193e7aa97eeb5593c4c6655901254265daef3	The village has a rugby league club that also plays at The Recreation Ground.		2	0			United States English,U.S. West Coast Asian-American		en	
a88ed8630dd33b8196cc48fb8188ed49d8b3739977d72b756fb0a2518807e80d044339c02286c70f93a3e22303255b43c856c1b0dc98461e61279e0beb034a3d	common_voice_en_43204237.mp3	fb283c2882396e78edbadb10af9f27de131c25aad2f280e4931476c532341a6c	Five of the units are two bedroom, one bath.		2	0			United States English, but with better than typical diction.		en	
add89f9035cd366fd8fd4d9db4f5d0eccc3a5fd9f3cbb8ed2c3e9af82d904399873da0b7dd7f58bb69b8c931138b61c30d524411d1bf39cdd9337c2374fe6bd3	common_voice_en_42750361.mp3	f8e3be9005c0c7810b542ba487becbfbd59d1f4709ec53b68c423569ba51f3aa	The Great Hall also had an organ.		2	0			United States English,Cuban 		en	
b20e20c4afc0b92ca97cc19175ff66fcf1a93836b1b7f8ca748ffbdae266095f7744a75107d769fad8095fa5e0ed6cf94b0bbaddd0cf9b96ebccb3716581b212	common_voice_en_42767185.mp3	f9076afd087fe8c7c9ead3483aa69e725bec517f0767db239a6f1135a88dc473	That year, the club reached fourth place in the local championship.		2	0		female_feminine	England English		en	
b3af1ea903c9959897c309b394dd054ab15ba0809ac4cbaf08c1b4397b5200b9e8bd6e9e61f7e1bfe6eaf110f74aa31cd20c3578b659b793ad2b63968a5f3887	common_voice_en_43193984.mp3	fa5fbdf9c5391abe7bba4b31a1a3e253d1f7ad1f7f59f0a3fd5e8b53627241ee	All plumbing codes require backflow prevention in several ways.		2	0	fourties		England English		en	
b53ab2a03826d5874fc7c868b552af8afd18afc0e958ff8bc23af7390a305c6fcbd8f88d92c21150e1fd295f40db2afa4db4b04be475c9222e90e64860391b5c	common_voice_en_43196248.mp3	faa0d4d8f0fc77287f02fbfc72f579eba66a57a1409d48d5f1a3436790467387	This technique she labeled "polyphonic prose".		2	0					en	
b5b5b95f12d925c46d8e2210a7df4a16e074508af58cd9bff5f2f6c85bdddf142540f68198aadbc317e2fd6f2518c7c2df640da05aa88fb9be6cd22e044eaac6	common_voice_en_43203141.mp3	faf01ea38aebe1952077cc49c886c0c72a401f953bfa1779c767b459d1397972	This first Buddha manifested five of his attributes as five secondary Buddhas.		2	0			United States English,San Francoso Bay area english		en	
b7d6bea2f5d878b466ddc83b3a2d398aacd62aa564160fed62f0e9f8831f7d347a07b8631e92bdf77c54582d6bab096f551752a5bdb61d14fddc2e2fb6e036c0	common_voice_en_42835670.mp3	f9a0fe6716516e0cc42ea2421ff17207fe7ea810c6400a409d3dc0e3821450d9	He returned to Cabinet seven months later as Minister of Fisheries and Oceans.		4	0	thirties		United States English,England English,Southern African (South Africa, Zimbabwe, Namibia)		en	
bcacbd20b21ae74bdd0da80bcb887c5f68a9d7d43f6431457ae65401e720ad49ead9173e446dfbcf054a134ffa917b31d8b2506c2d7fe12f9f21b2057d4eea3e	common_voice_en_42789325.mp3	f9381e83885531a709a25e9713603d4e71df1fc023a0c96e68e9305e71604b9b	For many years after Galien was established, he was president of the village.		2	0	thirties	female_feminine	England English		en	
bf688efd1e1e15264a0028491f5b7e07303b19f43dcd69d06004ad98c03fe764491e16e2ddef5498f02f582dfb62b9a337a143abaec83f6789310c906cab6364	common_voice_en_43225233.mp3	fbac0155b37268324171fc52bb8d44350ff2af3747fa23b3ecdb520aa5a01040	The unincorporated communities of Choate, Freeman, Lily, and Pickerel are located within the town.		2	0			Canadian English,Hispanic		en	
c064adf678b11ccb6070c893519a468158376a5d16990accbb8a77adbb7caf14bab565363e297fdbfaa0506b2e6deeec757345ab6f0d4265bac1e8f355c49e2c	common_voice_en_42744683.mp3	001510a1ebb192abdc5ae8f6c9941257d55a758925da054ae916910f1ad74a32	Every friend we make, is a new connection made.	media_entertainment	4	0	thirties		United States English		en	
c1a71237085b022f2c0dea2bd668bfbc7e9ee74c8be807b622c2137450199300cb44839d0f54e5962ef3797bbd28b064852b9c2ebb75b23230f2009e3f7c2a71	common_voice_en_42745074.mp3	f8b24c59081bb59c0b81298a355165723b8aa724bf04a911813b67c67777a47d	Significant memorial plaques were to be set up at both locations.		5	0	fourties	female_feminine	United States English,Midwestern,Low,Demure		en	
c31a2eb8c273b840d3214e5d127ba81c0a80fe7f84a65f42cde962bed5088ce8239722c5a943685dc689f7be177f38760778a222e67bd87a0c0c32100da490c1	common_voice_en_42791979.mp3	f95790bede21a7a2493dacdaf923400c366118d8393b17d3efd24684c6736f2e	This version also featured a bonus track called "Hollywood Teaze".		2	0			United States English		en	
cb07fe2d56d98c963c2b6cf7f71fd8ae328a1035ce63e9a1065c73593abac8c2fe2175db360b70af53c658a4cc48004622b8f5a6d20a203769aa7208cd5e7181	common_voice_en_42812836.mp3	1d46276eed651625f6c4fa627784ba109be38447e87ad2aa96aa781dd3bf0f79	Aina hii huvumilia hali ya jua kali.	agriculture_food	2	0	twenties	female_feminine	England English		en	
d3de90b0780552e1f844317df523a27ad670a2f5dcae5933eec2de64ada2e58617732a481cfea29d6364c13084843f13bcc286caffdfb5a7094ac25cb2e36cdd	common_voice_en_42943363.mp3	f9ef70fb2b0fa360c1936c3dfb5974de796363ae2c23086fc5eaaf84b5dd7c3e	Saint Benedict offers a wide variety of academic, athletic and technical programs.		2	0			United States English		en	
dedeff164fccda6edfa6a7725f00d39cfa2f0d5a0b9efc47c3885e6c5b5859e98a812f038b1e5caf2ba705f19b3979aa4a5cde59f5071d44049b72b5a06fc4c8	common_voice_en_42763081.mp3	f8f0966a75a51733a4aafd7ba7208739ea8c89b6c64d13da9118c9a99339ddf5	They have no lateral line and have a protruding lower jaw.		2	0		female_feminine	African Kenyan		en	
f4d2516d878b2fc3b099914b5c7089abec30827a452b7200bc282a7f299f83c780e38371380cef31faf101439a5965b0edd9c0231c4964fda221c96c0bc462fb	common_voice_en_43406505.mp3	fc49cbb7f88f02fbbcc59d435df2c1097afde7229cbd6d28b0686ea8e48998d0	Owen Roberts International Airport serves Grand Cayman with domestic and international flights.		2	0	sixties	male_masculine	United States English		en	
f6ba830a5b3846f3ad96175616785e5dfbfc6b378ff890b7316482de915fcfc9ba2b5b0d9a1d0934302e1a4bb830ff6a07439e715822a6b73970a3dcd2cee49f	common_voice_en_42814267.mp3	f972e99f1e5e1f68b984308ab5822a2b6ecc840ee6506f89a3388145212e6c15	The attribution of human general qualities to divine beings may be called anthropopathy.		2	0	thirties	female_feminine	United States English		en	
f88785df269f75d918bd9dbb3a967cd430645b0f612a31374f609346c9b0cbae373c10697f965ed0b1c83d3ba4b8fc4f651290d599370808e4826c7acdb63d75	common_voice_en_43188894.mp3	fa5781c9977839145f2cd6857a1195d54e4da500dfbd79c7c850d9935a8f05fd	For example, consider consumption of cheap fast food versus steak.		2	0			United States English,California Native		en	
fe8f9edf7d7fcbf6c2523c0fae46e2833189a776baf7e95dcde1228e87d3c2487f768ee27d50e67e576aa5dcba9eb7ccecff45779243a5d81ff582beb807b4e5	common_voice_en_42797769.mp3	f938c977ac729a9d3aeb95a984f00f52acaafd1e76bb655a19075231e96b96a5	Similarly, nature with its diversity taught him the cosmic vitality hid from those unwary.		2	0	twenties	female_feminine	Eastern Africa 		en	
250865835380a9b8bd3c5e06e96fef3af22b314fda5005ed2a570c73f8dd7ed10313e00edf4cdef4195d0b6e6471ac114dcfe579c9f7e96f0260600c23320d4f	common_voice_en_42814003.mp3	25ca4a42d8a9b438811ab67b1b08b2ae68fcd61d06d4a720078281ea871e9996	As I stepped onto the plane, I was amazed at how big it was.		2	0	thirties	female_feminine	England English		en	
250865835380a9b8bd3c5e06e96fef3af22b314fda5005ed2a570c73f8dd7ed10313e00edf4cdef4195d0b6e6471ac114dcfe579c9f7e96f0260600c23320d4f	common_voice_en_42814024.mp3	f98aff7318c40b88409ab575d840d1ca31732174be8ec8e972d7b5f8e2d8cf86	Musical styles represented range from the very traditional Mexican folk to electronic music.		2	0	thirties	female_feminine	England English		en	
2e35c72991f5a62c0d74751f899d2b79dcf653684843e85bd45dd139ea10c229d1cce746522010c9faf0b74cbac56137be56f6fc10ca418307457b1e4046803b	common_voice_en_42812009.mp3	f9700fb66b629968f161be5a41185af445a51ad467cc9b7f2af605c771414bd1	They had five children and four grandchildren.		2	0	thirties	female_feminine	England English		en	
2e35c72991f5a62c0d74751f899d2b79dcf653684843e85bd45dd139ea10c229d1cce746522010c9faf0b74cbac56137be56f6fc10ca418307457b1e4046803b	common_voice_en_42812198.mp3	f9827cbc91218ad3c0c1abbf63656b095082466c302431cd2c8742e0f990d36b	Sato is an external director on the board of Hitachi.		2	0	thirties	female_feminine	England English		en	
30d9e3ee6f29d59606a69be2beea9a6d18d19222445018d1b47b31d32f3e3c845f0a31c3e6aed53831adfe5871fb22926f84e8c271e3ba996618a89414afd3dc	common_voice_en_42785961.mp3	f8faa3fa133e75750f7b28cd1f30b50b5624003e002b3984b110fe33230f5737	We need not wonder that he does not exercise it.		2	0	twenties	female_feminine	Ugandan		en	
30d9e3ee6f29d59606a69be2beea9a6d18d19222445018d1b47b31d32f3e3c845f0a31c3e6aed53831adfe5871fb22926f84e8c271e3ba996618a89414afd3dc	common_voice_en_42785968.mp3	03f3a9b24b44a90af2cc21c9cb4f7f66f15a724456888b5b592dfa7c887b6a2d	That is home		2	0	twenties	female_feminine	Ugandan		en	
3d40d75a6dc5bdfc0ef5ed3b3e9f22d1875da0c29cf714e6acad7c24886f5d25e92a2dd62f078839e0c0797de56c10e915d6f2186a4d6b9822af2876b132be92	common_voice_en_42814462.mp3	f97e7faa8cb474d7695e23e1e425d7b6147a1cf0d98568c02b03db57549cb704	Today he believes that both the Green Party and Left Party are opportunistic.		2	0	twenties	female_feminine	United States English		en	
3d40d75a6dc5bdfc0ef5ed3b3e9f22d1875da0c29cf714e6acad7c24886f5d25e92a2dd62f078839e0c0797de56c10e915d6f2186a4d6b9822af2876b132be92	common_voice_en_42814559.mp3	f9882c704c38b3ca5360ddf047a6df6d1c8073ad98a693b967e093acd632cbfb	I’m very glad they’ve called Mr. Allan.		2	0	twenties	female_feminine	United States English		en	
549132dfe2373a523b2e438a09631b36f17258826c1d7cbfd9066e7acd3e0e22b761107ea9196c55b7b161628ce527eada5e5676a11676f4fa536c6dbe271965	common_voice_en_42831657.mp3	f99bfad8c7bbce2dc44306b0eae69281c4a5c3bc656c6361751351b3fd104ab2	The Muslim members wanted to join the nationalists, but not the Europeans.		2	0	teens	female_feminine	United States English		en	
549132dfe2373a523b2e438a09631b36f17258826c1d7cbfd9066e7acd3e0e22b761107ea9196c55b7b161628ce527eada5e5676a11676f4fa536c6dbe271965	common_voice_en_42831673.mp3	f9965d79b995b145e8d72d81ca7aa28b8fb3dbbd3366e53a08f0859530980304	Later in her life, Cornelia studied literature, Latin, and Greek.		2	0	teens	female_feminine	United States English		en	
5e89a850e40e3b03fa734c6f72ed77a570db2dfd7f7143b5409fa8761666f2c48ce85964c881e264ecd18174fc5380df010bb990296daa27bee90885e8a302b3	common_voice_en_43195536.mp3	fa829752a638cd8ad4d500dbcdd5b5308e11d7d387cd2eeefd0258a680057af6	It is the major cause of orbital decay for satellites in low Earth orbit.		2	0			United States English		en	
5e89a850e40e3b03fa734c6f72ed77a570db2dfd7f7143b5409fa8761666f2c48ce85964c881e264ecd18174fc5380df010bb990296daa27bee90885e8a302b3	common_voice_en_43195537.mp3	fa8dfcdfad4f4844d2ddcba8b044eaccd91cb73596fc78d5324b3f7cdadb407d	The beaches of Trentova Bay contribute to make Agropoli an important seaside resort.		2	0			United States English		en	
70bc81c95f635305547cfceab94a57cdb8dddf01d84523f819b1c9188718408dc517fa069200768174b7fa0775470a1af8e42f5d00619c4f235bcaf04f56d811	common_voice_en_43203251.mp3	fb122e6ddd410d92575946e51db5567e3bcdbc0e36738ef4ffc82e184a1a1d21	Animal husbandry concentrates on meat and milk production.		2	0	thirties		Filipino		en	
70bc81c95f635305547cfceab94a57cdb8dddf01d84523f819b1c9188718408dc517fa069200768174b7fa0775470a1af8e42f5d00619c4f235bcaf04f56d811	common_voice_en_43203326.mp3	fb0c31297d4b82640974e4277997550ddca275d05d30ff01893af2c7928e7745	The transformation usually occurs when the individual reaches middle age.		2	0	thirties		Filipino		en	
90a92d42538b10076407dd62fda48be5c912c7299cba7d8d3708d42018098978378a7f4f2d84a724878bb2e8bf1dfda5c25ebc280a750439ff9670221133effb	common_voice_en_42765024.mp3	f8edfa5809d2bff198bb90f0457e08b361b516ffd311daef79e3f6bef47409dc	This comes off the back of his recent shaping experience with Machado creations boards.		2	0	twenties		United States English		en	
90a92d42538b10076407dd62fda48be5c912c7299cba7d8d3708d42018098978378a7f4f2d84a724878bb2e8bf1dfda5c25ebc280a750439ff9670221133effb	common_voice_en_42765051.mp3	f8fce64fbc5d7b819f6167ffb6fe1b70214d682aa9a49df8c72ed38a53149ac6	Not recognized internationally as a part of Russia.		2	0	twenties		United States English		en	
955303cad79c3fcd8d096d5d9de1d2a8df179377475537ed8c5d2dbdadf6cb6d74c9c6e0c5ceb0db2f8bc6c99611b800db8974b3c6997604a0e41c8af672223e	common_voice_en_42815717.mp3	f993863ab6b13fe9363be4135e046cf4d87043c0709f945fb093cdbbef2fed00	The possible effect of platform capitalism on open science has been discussed.		2	0	fourties	female_feminine	England English		en	
955303cad79c3fcd8d096d5d9de1d2a8df179377475537ed8c5d2dbdadf6cb6d74c9c6e0c5ceb0db2f8bc6c99611b800db8974b3c6997604a0e41c8af672223e	common_voice_en_42815757.mp3	f971de529bdd557d6a83f2dbd06afeb3d76594f0c1854290e03fad02004d512d	The Rooftop Restaurant and Bar overlooks both the river and the Bancroft Gardens.		2	0	fourties	female_feminine	England English		en	
a97730f86fa90560ae105669364412a9ad393b32839d0151236604af188212aab60bf5168a7975fdd0a448dd3131543f5c0032e737a7164b41e9d9d85ffd6660	common_voice_en_43160566.mp3	f9fd0cb15cf7c1b09d14f865819730711f85f18c1003ac741321fe90f67b07fd	More than half of the show was shot on bluescreen.		2	0	sixties	male_masculine	Filipino		en	
a97730f86fa90560ae105669364412a9ad393b32839d0151236604af188212aab60bf5168a7975fdd0a448dd3131543f5c0032e737a7164b41e9d9d85ffd6660	common_voice_en_43173951.mp3	fa290b75dd1da634ae4530f285b142c2671cd5dbce1301e593d35fb61ed03a18	However he could not find a publisher for the work.		2	0	sixties	male_masculine	Filipino		en	
d57d24224ffd169481cf2e49752f4ededc5206cbc5f328b48159ab4f52627121ca1c1ad803177f205c65786b1c5a55a7a93e14f9e37fe7efab6848982bbcb99e	common_voice_en_42975525.mp3	f9f7c576f6a24a0525936ac84a0a4c2431b6b14283ebda39bf74e7b48ecf155d	Samuel Taylor Coleridge was one early advocate of this.		4	0		do_not_wish_to_say	England English,Mancunian,West Yorkshire		en	
d57d24224ffd169481cf2e49752f4ededc5206cbc5f328b48159ab4f52627121ca1c1ad803177f205c65786b1c5a55a7a93e14f9e37fe7efab6848982bbcb99e	common_voice_en_42975589.mp3	2b8749be614f7bb496809f6ef940e09097a8a6e7d8b0a2d9563e490cb17ca1a5	Additionally, the convenience of having a wearable device on my wrist appeals to me.		4	0		do_not_wish_to_say	England English,Mancunian,West Yorkshire		en	
e0d6071ef72d084cdf3e346406366e251a3beb917b46bc9d6dc62e6c84d827b9a1be5789df18930ecb3c1de74293b658cde7a0aae30b9c109309f41ac4fe05df	common_voice_en_42970620.mp3	f9db2907b712277d7030859826fb2257505f56551a3cd6134a03fd7c1b53ad01	The following day they returned to Wonsan two fly two more strikes.		2	0	twenties		United States English		en	
e0d6071ef72d084cdf3e346406366e251a3beb917b46bc9d6dc62e6c84d827b9a1be5789df18930ecb3c1de74293b658cde7a0aae30b9c109309f41ac4fe05df	common_voice_en_42977065.mp3	f9f234e836eb3bf33b0ae62f3a410bdec63483ac5c4748c61bd93889bdc0ec12	The weapon can also be used against bunkers and pillboxes.		2	0	twenties		United States English		en	
e431eafe9b69a4e3ce94affce4f53cbbd3f3405449676d313de5081c42a610ec208f09e4c626991703c2fb228b51af409084267fed8deda1888804c2aef01459	common_voice_en_43375391.mp3	2fefc66bea10ed9a3abb908a584c8b8345d0ca17c691429e7a317fdd4576a993	The orders of architecture were initially invented by the ancient Greeks.		2	0			United States English,Australian English		en	
e431eafe9b69a4e3ce94affce4f53cbbd3f3405449676d313de5081c42a610ec208f09e4c626991703c2fb228b51af409084267fed8deda1888804c2aef01459	common_voice_en_43375393.mp3	fc17059f6f605b3617dc2a8bd19729dac07e3ebe45c340d8240341e23c6e9770	A year later, the city becomes ravaged by zombies.		2	0			United States English,Australian English		en	
eea3665333949b9276f0ac5ad1b52d555928923b77e0abfc385c4267cc4f7b6a54a9f00c2c6c0bcbc2fc17dbb02fb282e003d197d3d25dec36e6ff8d52d3e83c	common_voice_en_43199085.mp3	facae2ca8de7f31b0a7c64b6e7865c78cb65518f5148d1156a8b97d0e8f0ae9b	The articles were collected into two books and a record album.		2	0			United States English		en	
eea3665333949b9276f0ac5ad1b52d555928923b77e0abfc385c4267cc4f7b6a54a9f00c2c6c0bcbc2fc17dbb02fb282e003d197d3d25dec36e6ff8d52d3e83c	common_voice_en_43199122.mp3	fabdf702a655ac03d1ac83c0d391a9ab882ce3f15881816256c7f824dc44bcde	Laurence Court is a short street in the Bootleggers Cove neighborhood of Anchorage.		2	0			United States English		en	
3e7de698376938907d0648c89143c8bb64dff420405c9ffcea8da42a2962c2a7cb4d6540d234ee57d25a84b3d81790cec7e9d17261cdaae4f003d5beedf590aa	common_voice_en_42706510.mp3	f890ed3be16d02694b68c07538c2293fe367c96c2e4ba6febc9221529df4e5e0	His uncle was the radio presenter Wilfred Pickles.		2	0	thirties		United States English		en	
3e7de698376938907d0648c89143c8bb64dff420405c9ffcea8da42a2962c2a7cb4d6540d234ee57d25a84b3d81790cec7e9d17261cdaae4f003d5beedf590aa	common_voice_en_42706513.mp3	f8988a8b565c79c3c0ba3507c110063eb406a789f4427a46e3c3a3220e9ee393	The element "k" is called an upper bound of "S".		2	0	thirties		United States English		en	
3e7de698376938907d0648c89143c8bb64dff420405c9ffcea8da42a2962c2a7cb4d6540d234ee57d25a84b3d81790cec7e9d17261cdaae4f003d5beedf590aa	common_voice_en_42706516.mp3	f88a6a7a462b93a9a0e3f0fd1c149492ee93b325214d127e0b89025281f384fe	Having escaped, Johnny masquerades as Rigo and begins to assist the doctor.		2	0	thirties		United States English		en	
534bcfba42bc74666812ef2858564e1d5766b1ad4f93f99d158cb508dae166665921085feceed2783a92e9211c2df261cec32f118d532ff4f59906948ff28cb9	common_voice_en_43208180.mp3	fb3cc0f9a5a34921615e96eb68aa3eeb63682cdfba33bac823370654ad847c94	A Halloween special was also released on the same day.		2	0	thirties		England English		en	
534bcfba42bc74666812ef2858564e1d5766b1ad4f93f99d158cb508dae166665921085feceed2783a92e9211c2df261cec32f118d532ff4f59906948ff28cb9	common_voice_en_43208189.mp3	fb54fa85f414c71528fae221d100f407bd02986c94aeba2f16153667192e2177	White now must retreat the knight, or sacrifice it.		2	0	thirties		England English		en	
534bcfba42bc74666812ef2858564e1d5766b1ad4f93f99d158cb508dae166665921085feceed2783a92e9211c2df261cec32f118d532ff4f59906948ff28cb9	common_voice_en_43208290.mp3	fb5aa806e85b2249a1693f118f08a6d00cb2e013434c674cc9e413a014d2d491	Hence, the number of zeros in an interval of a given size slowly increases.		2	0	thirties		England English		en	
5ab2c81243fc9e565a7e6a4f7b366f528e2c72bccdc5fa205351317f397375b48ec7d6705e1096f015e3f99d76f55cfd04ad6a37e44d721b25f5c4cd95cbd4d5	common_voice_en_42699872.mp3	f8869b32e9169e751ae4449d49618db6fc55dcb9a3c96e6a91ad83d5c96e0bc8	Boocock is in the critically acclaimed avant-garde theatre company "Elevator Repair Service".		2	0	twenties		England English		en	
5ab2c81243fc9e565a7e6a4f7b366f528e2c72bccdc5fa205351317f397375b48ec7d6705e1096f015e3f99d76f55cfd04ad6a37e44d721b25f5c4cd95cbd4d5	common_voice_en_42699890.mp3	f878f6da465884329534319f33c38dd725ecc3b313fdad93e0f1b06feb04d201	The Caliph had Yahya brought to him and confronted the two men.		2	0	twenties		England English		en	
5ab2c81243fc9e565a7e6a4f7b366f528e2c72bccdc5fa205351317f397375b48ec7d6705e1096f015e3f99d76f55cfd04ad6a37e44d721b25f5c4cd95cbd4d5	common_voice_en_42699891.mp3	f88b22977322ef76ddaf5ef60b7ddb5cbce3448c4df99dafaf6e25d76c831070	Mandaic is written in the Mandaic alphabet.		2	0	twenties		England English		en	
6b314bf98ad57930be9d71c47cfb9e577a2e989058c8cb693b2760c94bc018bbb45bfc7bffecca922cd863a5d79b253c4819e2b2d998e879ab6044dacc21ed87	common_voice_en_43004194.mp3	fa08fcd14563812e1e8e91f5448c36e90249b439f60f756216df61666b772bb6	The castle's bastion walls are thick.		2	0	fourties	male_masculine	Latinamerican		en	
6b314bf98ad57930be9d71c47cfb9e577a2e989058c8cb693b2760c94bc018bbb45bfc7bffecca922cd863a5d79b253c4819e2b2d998e879ab6044dacc21ed87	common_voice_en_43004225.mp3	fa09e55a2b1ef020b2c5a34c878d8a55d77e9a15fd290417d46b3dd04636495d	The cape is named after John Meares, a British explorer.		2	0	fourties	male_masculine	Latinamerican		en	
6b314bf98ad57930be9d71c47cfb9e577a2e989058c8cb693b2760c94bc018bbb45bfc7bffecca922cd863a5d79b253c4819e2b2d998e879ab6044dacc21ed87	common_voice_en_43004302.mp3	2adc54a913d08fda1a235a96a95f1a730144c88490a1b435868cd7ce186ea58d	Cultural differences are further accentuated by the influence of historical and political factors.		2	0	fourties	male_masculine	Latinamerican		en	
a05b9ecae26781f34867ab828f329f8e54b3998ad32ebb2e41158df7213b314d9a21cb117378ed356ebeafcd12e42af3e2fbd25b671f43f9d91e613e47491ada	common_voice_en_42788438.mp3	f943ad0c8533e598ea96eaf69f786532d0c9acb298b304442c53f3836ba5f2e6	Postal codes ending in the digit one are used for post office boxes.		2	0	twenties	female_feminine	England English		en	
a05b9ecae26781f34867ab828f329f8e54b3998ad32ebb2e41158df7213b314d9a21cb117378ed356ebeafcd12e42af3e2fbd25b671f43f9d91e613e47491ada	common_voice_en_42788519.mp3	f92f7a4782810f4772b787ae723451d4930c0361bc899ac2d59e5510b48734b6	Wrote several Book's as well.		4	0	twenties	female_feminine	England English		en	
a05b9ecae26781f34867ab828f329f8e54b3998ad32ebb2e41158df7213b314d9a21cb117378ed356ebeafcd12e42af3e2fbd25b671f43f9d91e613e47491ada	common_voice_en_42788567.mp3	f90e69930269e8945abcba0c920f4a764784586bf47a5506c7370c63b088d543	But the tour fell apart when we hit Port Hedland.		2	0	twenties	female_feminine	England English		en	
d4267e6569d3e5c8995339e8606fd39ff78ac7333c41a40f1be80ce72ca6a0bbb08e7d67db0abe5f045596763d60f0518b2b70db1fcd64cc6582aa4a342902a3	common_voice_en_42736392.mp3	f8bc9434bbdd6adaecf9e18f440a453c716cc64f0ce0f0b4c63ef755a9b751cb	Soon after, he left the city to travel and write.		2	0	twenties		United States English		en	
d4267e6569d3e5c8995339e8606fd39ff78ac7333c41a40f1be80ce72ca6a0bbb08e7d67db0abe5f045596763d60f0518b2b70db1fcd64cc6582aa4a342902a3	common_voice_en_42736425.mp3	f8cacbd123016d05eac41eb4cb7c966e0b54127253184026693c2ea9ccbf0643	Only one of those points is in the region bounded by this contour.		2	0	twenties		United States English		en	
d4267e6569d3e5c8995339e8606fd39ff78ac7333c41a40f1be80ce72ca6a0bbb08e7d67db0abe5f045596763d60f0518b2b70db1fcd64cc6582aa4a342902a3	common_voice_en_42736426.mp3	f89107ddc1528f8d589a494d76c4231eed5cffcc1242260ceb693027c6e1606d	Several days later, a war tax was instituted on the aristocrats and wealthy bourgeois.		2	0	twenties		United States English		en	
f3bc45d3e24363f9917a5991aaa7d5e4222631fdb171909aa52ee5f5cc1bbf48b7b08ff3922c4310a4362dab37a0f58436d90f1e0cf8d9c1383467564e673042	common_voice_en_42832667.mp3	f99b2ea8eef972e736ba6ec9aaebf53216fe82ac67e166878030a3cbb8916fed	The hindwings are grey.		2	0	thirties		Southern African (South Africa, Zimbabwe, Namibia)		en	
f3bc45d3e24363f9917a5991aaa7d5e4222631fdb171909aa52ee5f5cc1bbf48b7b08ff3922c4310a4362dab37a0f58436d90f1e0cf8d9c1383467564e673042	common_voice_en_42832669.mp3	f99f1e7cc217de008f2769e5c5d0f6824ca45a29dc942a6b7836feac9a28915b	Agnes was the mother of Jungian analyst Jack Sanford.		2	0	thirties		Southern African (South Africa, Zimbabwe, Namibia)		en	
f3bc45d3e24363f9917a5991aaa7d5e4222631fdb171909aa52ee5f5cc1bbf48b7b08ff3922c4310a4362dab37a0f58436d90f1e0cf8d9c1383467564e673042	common_voice_en_42832684.mp3	f9a2339fb64bcbf92f3362b6f7c9ce515f31f321ff4ed4831ea0334c054a5146	Finns began waging partisan warfare against the Russians.		2	0	thirties		Southern African (South Africa, Zimbabwe, Namibia)		en	
2733237bf6132e9fea86e7ae5a9b1567a46c6082e68e89428caf3333f240fc410e44aa9d34896361daa547a99495d2539a5b3d61d1ff28055fa2509a6afb16ed	common_voice_en_42773510.mp3	f91752e9a529a31b189af146f28a041ce5ecfb52f2f37854460c201db8700bf5	He was born in Bangkok, and brought up in Cornwall, England.		2	0	thirties		Welsh English		en	
2733237bf6132e9fea86e7ae5a9b1567a46c6082e68e89428caf3333f240fc410e44aa9d34896361daa547a99495d2539a5b3d61d1ff28055fa2509a6afb16ed	common_voice_en_42773512.mp3	f91b3c2fcdbd01aecf5b5da852f2d784268a2cb9e08180bec436c528c87b6771	After graduation he taught English and mathematics.		2	0	thirties		Welsh English		en	
2733237bf6132e9fea86e7ae5a9b1567a46c6082e68e89428caf3333f240fc410e44aa9d34896361daa547a99495d2539a5b3d61d1ff28055fa2509a6afb16ed	common_voice_en_42773525.mp3	f9039295919b1c4231f64f02fbd9545e3c063d4fcae95d81afe57af77e7977af	Statistical inference uses mathematics to draw conclusions in the presence of uncertainty.		2	0	thirties		Welsh English		en	
2733237bf6132e9fea86e7ae5a9b1567a46c6082e68e89428caf3333f240fc410e44aa9d34896361daa547a99495d2539a5b3d61d1ff28055fa2509a6afb16ed	common_voice_en_42773561.mp3	f912ea0b37ec15ea06e09356f4bb0e35cf80145a048bbb9d6b2bbfbf84fd9008	The remaining smaller operating companies were sold off or transferred into the remaining ones.		2	0	thirties		Welsh English		en	
d5e3abe4e1ca1d1f9f225934281dab8a562d0497457961569339e8b960dd6b8a3102ffedb2fa1a1a6077809d242c373fd793fee4412ddaa77696f6e218a4dcba	common_voice_en_42743792.mp3	1cdf5dba6aace43cd4fad0d4b67731ce615be3e928a540d07fbb7ddca7070bd2	One of the earliest shrubs to bloom in the Northeast is witch hazel.		2	0	sixties	female_feminine	United States English		en	
d5e3abe4e1ca1d1f9f225934281dab8a562d0497457961569339e8b960dd6b8a3102ffedb2fa1a1a6077809d242c373fd793fee4412ddaa77696f6e218a4dcba	common_voice_en_42743805.mp3	f8ba5431391f1aad52a16c0a1fe70983be4c6245b097a2f749eab626236399b9	A real student is therefore one seeking for the realities about life and universe.		2	0	sixties	female_feminine	United States English		en	
d5e3abe4e1ca1d1f9f225934281dab8a562d0497457961569339e8b960dd6b8a3102ffedb2fa1a1a6077809d242c373fd793fee4412ddaa77696f6e218a4dcba	common_voice_en_42743825.mp3	f8ce7fa333de33c176bbc5115c4b0e3e6b9dd217101092b41b52326e59b2b293	A large inland sea that extended into central Australia modified its continental climate.		2	0	sixties	female_feminine	United States English		en	
d5e3abe4e1ca1d1f9f225934281dab8a562d0497457961569339e8b960dd6b8a3102ffedb2fa1a1a6077809d242c373fd793fee4412ddaa77696f6e218a4dcba	common_voice_en_42743845.mp3	f8d2066d0941c0aa93799019920edc42d8aaa36749872458b0bc93c6ab3e43a6	Years later, I went to see him and he had totally changed.		2	0	sixties	female_feminine	United States English		en	
fb3a6f053002d1b833674e416727ba24a0599a2a96294ab0cffb7408f89136426b2e94491aeaeca912a56540ea9848e794c64b446e56e81e9f60840517836c44	common_voice_en_42807943.mp3	f9746f4c3d078accf3101ff735bd23a0803703c492d3a5f53b8c83d9ef4d659d	Castelli was interested in mathematics and hydraulics.		2	0	thirties	female_feminine	Southern African (South Africa, Zimbabwe, Namibia)		en	
fb3a6f053002d1b833674e416727ba24a0599a2a96294ab0cffb7408f89136426b2e94491aeaeca912a56540ea9848e794c64b446e56e81e9f60840517836c44	common_voice_en_42807958.mp3	f924ffdd1290c1530d09e03e8a72cd2a8995645b77068baa4ae8818bf13e5e7f	Ramsey numbers can be determined by some universal quantum computers.		2	0	thirties	female_feminine	Southern African (South Africa, Zimbabwe, Namibia)		en	
fb3a6f053002d1b833674e416727ba24a0599a2a96294ab0cffb7408f89136426b2e94491aeaeca912a56540ea9848e794c64b446e56e81e9f60840517836c44	common_voice_en_42807963.mp3	f949a382a4bff5414c14686465578f27f37bbf0140850fa362f00a6081d2c3ef	The story centers on the life of a renegade gaucho.		2	0	thirties	female_feminine	Southern African (South Africa, Zimbabwe, Namibia)		en	
fb3a6f053002d1b833674e416727ba24a0599a2a96294ab0cffb7408f89136426b2e94491aeaeca912a56540ea9848e794c64b446e56e81e9f60840517836c44	common_voice_en_42808017.mp3	f960e26b6d9d99867652004854b378af4dc2994b0eee1894fd11a61f7ba42d1f	This district included the territory between the Alabama and Tombigbee Rivers.		2	0	thirties	female_feminine	Southern African (South Africa, Zimbabwe, Namibia)		en	
befbc9d0070ca900295c8573286aba46581790fcfdbbbd77f6b5dee9146c3db5e86049bf022169268003d497167a67119a9b449c2c8abae388fa270a91e52cbd	common_voice_en_42706159.mp3	f884183cc6a7439f60cb954ecb29e3d8d321a793f5581de79d83ffacb7926399	Robinson jokingly remarked that Hugh Laurie's success on "House" may make that difficult.		2	0	sixties	male_masculine	United States English		en	
befbc9d0070ca900295c8573286aba46581790fcfdbbbd77f6b5dee9146c3db5e86049bf022169268003d497167a67119a9b449c2c8abae388fa270a91e52cbd	common_voice_en_42706160.mp3	f8869ad578d884ba876a442d9d87dab01587d6bb137b65166342df8a805ef896	The Council met under the presidency of Bishop Caesarius of Arles.		4	0	sixties	male_masculine	United States English		en	
befbc9d0070ca900295c8573286aba46581790fcfdbbbd77f6b5dee9146c3db5e86049bf022169268003d497167a67119a9b449c2c8abae388fa270a91e52cbd	common_voice_en_42706169.mp3	f89a95c2277357a64fe2dbb3189316116ad8c7465ac6b9d97341fe93ba0ec3e6	It is the second time that they have recorded together.		2	0	sixties	male_masculine	United States English		en	
befbc9d0070ca900295c8573286aba46581790fcfdbbbd77f6b5dee9146c3db5e86049bf022169268003d497167a67119a9b449c2c8abae388fa270a91e52cbd	common_voice_en_42706181.mp3	f89fc60fe662fd1fb3f224af1a8d8304030ffb9281abbfb09af1602e3a26faaa	The village is so peaceful that crime has become nonexistent.		2	0	sixties	male_masculine	United States English		en	
befbc9d0070ca900295c8573286aba46581790fcfdbbbd77f6b5dee9146c3db5e86049bf022169268003d497167a67119a9b449c2c8abae388fa270a91e52cbd	common_voice_en_42706202.mp3	f88f87a2e65fc1c5339791042c10f94cb51db70f2f0d33fb929c092767ae87a8	High school students attend Winnacunnet High School in the neighboring town of Hampton.		2	0	sixties	male_masculine	United States English		en	
c6dbf43ebaeda7765c94fae40a68c9db500800f7ea0aa74e06a47e9c3c9c8310047ef7e9f7af7246a905c9f293155e19c82328dfe1404d13b9691fa5c89d7945	common_voice_en_42895984.mp3	f9cd30bc6da18d251ffc2b0584eac7c678409c17e172d7b7df4c011fde0e32c9	He started, and laughed.		2	0	twenties	female_feminine	United States English		en	
c6dbf43ebaeda7765c94fae40a68c9db500800f7ea0aa74e06a47e9c3c9c8310047ef7e9f7af7246a905c9f293155e19c82328dfe1404d13b9691fa5c89d7945	common_voice_en_42896173.mp3	f9cbfd099c5e9e0d95db5859558c42dd627d4a6fa1d2d1c2e688dfdd25a75b80	He gained a lot of experience performing at regional competitions and festivals.		2	0	twenties	female_feminine	United States English		en	
c6dbf43ebaeda7765c94fae40a68c9db500800f7ea0aa74e06a47e9c3c9c8310047ef7e9f7af7246a905c9f293155e19c82328dfe1404d13b9691fa5c89d7945	common_voice_en_42896222.mp3	f9c18237311b519cb41a7f3d5f4487f74922f43c55c8a2211682f667373e2a39	There's no morality involved, I'm not saying it should or shouldn't happen.		2	0	twenties	female_feminine	United States English		en	
c6dbf43ebaeda7765c94fae40a68c9db500800f7ea0aa74e06a47e9c3c9c8310047ef7e9f7af7246a905c9f293155e19c82328dfe1404d13b9691fa5c89d7945	common_voice_en_42902449.mp3	f9d9f21550fe5a615bf4ee59188233c9a3f06d58f3138b779cee35c7ec84c72f	He was also co-author of multiple papers on Geology.		2	0	twenties	female_feminine	United States English		en	
c6dbf43ebaeda7765c94fae40a68c9db500800f7ea0aa74e06a47e9c3c9c8310047ef7e9f7af7246a905c9f293155e19c82328dfe1404d13b9691fa5c89d7945	common_voice_en_42906370.mp3	f9e1d5f70a8bd69eb91a450b449aef8e5d77be12aed03af0f6709693c261704b	Mindfulness can also be viewed as a means to develop self-knowledge and wisdom.		2	0	twenties	female_feminine	United States English		en	
d918e46f551ad499dc13ddcb29d565937eb61de554e35a634e9aaafa83292d57d3c67fb664aa49f35468ee678d3cc82e588d4cd1aaa68ac34153e09d5dc80168	common_voice_en_43196392.mp3	fa85d0f8ec952cf2f0566b281ddfc67f06c4196cda92cad58296e4cfb326e40a	He played college football at Iowa.		2	0	eighties		UK Southern English		en	
d918e46f551ad499dc13ddcb29d565937eb61de554e35a634e9aaafa83292d57d3c67fb664aa49f35468ee678d3cc82e588d4cd1aaa68ac34153e09d5dc80168	common_voice_en_43196441.mp3	fa884ac6caebf437d5f2c4323d1add99054ac2afb05ed5ce43a7a039b87f8fda	An online exclusive "orchestral" mix can be heard on the Official website.		2	0	eighties		UK Southern English		en	
d918e46f551ad499dc13ddcb29d565937eb61de554e35a634e9aaafa83292d57d3c67fb664aa49f35468ee678d3cc82e588d4cd1aaa68ac34153e09d5dc80168	common_voice_en_43196465.mp3	fa92605e1a154100a1d4735bb2811dae512e5845aad6c8d273c01b074453b95e	This locomotive is considered to be the end of the Maxi line.		2	0	eighties		UK Southern English		en	
d918e46f551ad499dc13ddcb29d565937eb61de554e35a634e9aaafa83292d57d3c67fb664aa49f35468ee678d3cc82e588d4cd1aaa68ac34153e09d5dc80168	common_voice_en_43196647.mp3	fa8a76b33f891fdb2bdd4a8603d0ae3b3656e3fc8486017b42da164dc5b4bc1b	He lives in Athens, Greece.		2	0	eighties		UK Southern English		en	
d918e46f551ad499dc13ddcb29d565937eb61de554e35a634e9aaafa83292d57d3c67fb664aa49f35468ee678d3cc82e588d4cd1aaa68ac34153e09d5dc80168	common_voice_en_43196719.mp3	fa7d3dcde4b5bebf05c8ac992627d407c9cfe36fdbd3932bc4e966ab0be46888	The company contributed interior metalwork for the Washington Monument.		2	0	eighties		UK Southern English		en	
236b6af6fb49e6c5112d9b070a546063c82a9068f49b95d454f653012062fd1a43a37cdd68e2d9701b2d34bdf10d2fc5d3882b056a58df37e0811a7891d3b4fa	common_voice_en_42840194.mp3	f99f01dda1416d1a1be2c0c90d31d7db7e4e907e9f1cf8d9ce78afe96962f068	At intermediate levels sandstone is common.		4	0	twenties	female_feminine	General American English,Southern U.S. English,Alabama English		en	
236b6af6fb49e6c5112d9b070a546063c82a9068f49b95d454f653012062fd1a43a37cdd68e2d9701b2d34bdf10d2fc5d3882b056a58df37e0811a7891d3b4fa	common_voice_en_42840222.mp3	f9acaf76da024fd4b1661cc9ff2992e4a7cd80c5b91b9dcca4dc90adb743f6fa	Recognize that at times you will have to engage in evil, but minimize it.		4	0	twenties	female_feminine	General American English,Southern U.S. English,Alabama English		en	
236b6af6fb49e6c5112d9b070a546063c82a9068f49b95d454f653012062fd1a43a37cdd68e2d9701b2d34bdf10d2fc5d3882b056a58df37e0811a7891d3b4fa	common_voice_en_42840233.mp3	f9a478fd0e2508b83774d7eaf6391adf07547f0adc1f263aa2af8e666f5439cc	His submarine plays a role in the comic.		4	0	twenties	female_feminine	General American English,Southern U.S. English,Alabama English		en	
236b6af6fb49e6c5112d9b070a546063c82a9068f49b95d454f653012062fd1a43a37cdd68e2d9701b2d34bdf10d2fc5d3882b056a58df37e0811a7891d3b4fa	common_voice_en_42840237.mp3	f9ac6a2bf2f55e57277ed8f1ec225001a5011a5f21f663766f7df98f358ab11b	Mr. Peanut has appeared on almost every Planters package and advertisement.		4	0	twenties	female_feminine	General American English,Southern U.S. English,Alabama English		en	
236b6af6fb49e6c5112d9b070a546063c82a9068f49b95d454f653012062fd1a43a37cdd68e2d9701b2d34bdf10d2fc5d3882b056a58df37e0811a7891d3b4fa	common_voice_en_42840257.mp3	f97eba07f8f4655190ff6f16c4e1993f7987b52703391355fe43afbdc57cd656	Work on the junior school established new classrooms and the new Early Learning Centre.		4	0	twenties	female_feminine	General American English,Southern U.S. English,Alabama English		en	
236b6af6fb49e6c5112d9b070a546063c82a9068f49b95d454f653012062fd1a43a37cdd68e2d9701b2d34bdf10d2fc5d3882b056a58df37e0811a7891d3b4fa	common_voice_en_42840268.mp3	f9959fbf997ec2ba9c1ecccadc8665e3bc8600c08c8a11858a00eb9faf3641da	In addition, there is extensive use of shared laboratories and equipment.		4	0	twenties	female_feminine	General American English,Southern U.S. English,Alabama English		en	
70ed00395877b8227142c8e26e083d95c0aafb0c72fb1397427f54649d099422b38e9519384336dd3bc012db4f3dce84796a5779c0df37659729fdf4dde13d84	common_voice_en_43205073.mp3	fb32c382f14a33465b7d21989ecc04746fbd85bfda3fb3a2c3318f780002ee73	Like the Laurel, it was exclusive to Nissan Japanese dealerships called Nissan Motor Store.		2	0			Australian English		en	
70ed00395877b8227142c8e26e083d95c0aafb0c72fb1397427f54649d099422b38e9519384336dd3bc012db4f3dce84796a5779c0df37659729fdf4dde13d84	common_voice_en_43205086.mp3	fb3730818c911c6473dcb947400f340e0e6360910b553a0ebe5b51b563040213	The New Zealand Customs service is the oldest government department in New Zealand.		2	0			Australian English		en	
70ed00395877b8227142c8e26e083d95c0aafb0c72fb1397427f54649d099422b38e9519384336dd3bc012db4f3dce84796a5779c0df37659729fdf4dde13d84	common_voice_en_43205195.mp3	fb3233af8e8ba0e89bc4c72880aed908c54eea01f9fff0102686e43aaab1c617	Called "Molly", she first married the stockbroker Thomas J. McGreevy of Kansas City, Missouri.		2	0	fifties		Australian English		en	
70ed00395877b8227142c8e26e083d95c0aafb0c72fb1397427f54649d099422b38e9519384336dd3bc012db4f3dce84796a5779c0df37659729fdf4dde13d84	common_voice_en_43205365.mp3	fb1bf2fe0667437a53c50df6d61580436e8fc05df5f692b584a8d57253353e70	His death stunned Jamaica.		2	0	fifties		Australian English		en	
70ed00395877b8227142c8e26e083d95c0aafb0c72fb1397427f54649d099422b38e9519384336dd3bc012db4f3dce84796a5779c0df37659729fdf4dde13d84	common_voice_en_43205504.mp3	fb400bc9a7b66eba816411c651eb04f4d11a375d52e0f707ed68c5e3ea180223	She is buried in Derry.		2	0	fifties		Australian English		en	
70ed00395877b8227142c8e26e083d95c0aafb0c72fb1397427f54649d099422b38e9519384336dd3bc012db4f3dce84796a5779c0df37659729fdf4dde13d84	common_voice_en_43205507.mp3	fb3da546f3a8332b343fd0c0cc240c5bd906f36aa9404bb209500644ae304dee	The new court would judge on commercial disputes.		2	0	fifties		Australian English		en	
70ed00395877b8227142c8e26e083d95c0aafb0c72fb1397427f54649d099422b38e9519384336dd3bc012db4f3dce84796a5779c0df37659729fdf4dde13d84	common_voice_en_43205612.mp3	fb2f43579184b37596d9fc97b1ddd24ef9f4f8516b657461aa039f405bc84fbc	Several relatives of surrounding regions made claims.		2	0	fifties		Australian English		en	
302b51de89ba0e815cce38bba05ee858e556375d19c74554175b32c2f93dc57bc44d0a3c15bf844eea5cd752b97c28fee9b2310029276363f9eabc67eb0c9cca	common_voice_en_42713890.mp3	f89ef19f8f470dc981f4c6c5b5444b387d10f30d0d0c54edafcd6fa3b33e5807	Sixteen teams competed in the inaugural tournament.		2	0	sixties	female_feminine	United States English		en	
302b51de89ba0e815cce38bba05ee858e556375d19c74554175b32c2f93dc57bc44d0a3c15bf844eea5cd752b97c28fee9b2310029276363f9eabc67eb0c9cca	common_voice_en_42713893.mp3	f8b6a987f263a41b327e059986ed1ab8dd0345da97aed09f6c230503b8886174	She later died from her injuries.		2	0	sixties	female_feminine	United States English		en	
302b51de89ba0e815cce38bba05ee858e556375d19c74554175b32c2f93dc57bc44d0a3c15bf844eea5cd752b97c28fee9b2310029276363f9eabc67eb0c9cca	common_voice_en_42727472.mp3	f8ba2bcae16423543373354fd3222120d212e16d24ae7cc5407d9afa4006835c	Alpha motor neurons are highly abundant and larger in size than gamma motor neurons.		4	0	sixties	female_feminine	United States English		en	
302b51de89ba0e815cce38bba05ee858e556375d19c74554175b32c2f93dc57bc44d0a3c15bf844eea5cd752b97c28fee9b2310029276363f9eabc67eb0c9cca	common_voice_en_42727484.mp3	f8be90ba9d0b071070a8c9d05b62740c259c7b06d548cb88ddc992c810f13817	This would explain his familiarity with the method of Isaac Luria.		2	0	sixties	female_feminine	United States English		en	
302b51de89ba0e815cce38bba05ee858e556375d19c74554175b32c2f93dc57bc44d0a3c15bf844eea5cd752b97c28fee9b2310029276363f9eabc67eb0c9cca	common_voice_en_42727489.mp3	f8ba7733e481684c92e991c161a18a6373bf9eaf5e0299b160ff365ed094bba0	In response, many individuals and organizations petitioned Fox News to reconsider its decision.		2	0	sixties	female_feminine	United States English		en	
302b51de89ba0e815cce38bba05ee858e556375d19c74554175b32c2f93dc57bc44d0a3c15bf844eea5cd752b97c28fee9b2310029276363f9eabc67eb0c9cca	common_voice_en_42727505.mp3	f8bc456fcdd831a23e54435bf37b99d5dae1ef35e079c87e6cffec92688572c3	The program structure and individual sessions are aimed at addressing all age categories.		2	0	sixties	female_feminine	United States English		en	
302b51de89ba0e815cce38bba05ee858e556375d19c74554175b32c2f93dc57bc44d0a3c15bf844eea5cd752b97c28fee9b2310029276363f9eabc67eb0c9cca	common_voice_en_42727509.mp3	f8bd56c1e211312cd9bb9f0815daee53a569a4e4714b0127fdfc0ced8d1f936b	Fischer shortened and partly altered.		2	0	sixties	female_feminine	United States English		en	
302b51de89ba0e815cce38bba05ee858e556375d19c74554175b32c2f93dc57bc44d0a3c15bf844eea5cd752b97c28fee9b2310029276363f9eabc67eb0c9cca	common_voice_en_42904506.mp3	f9bceba5254e5f7191c0c51adadc347ea77728d1f40b6c11db5ef157c29f8c20	Van Gogh went on to paint several versions of this painting.		2	0	sixties	female_feminine	United States English		en	
dbacb547670f0c0caaa8ebe5f597b4edd1bc411c9dc5710e5c7dd7796ed1b8b0c280474dedeffbda49afb5bafa63791cad529c1a61e8a513449793d935633cba	common_voice_en_43209749.mp3	fb6505af69fb8fc0529737515c93eed50fd2c32eef62e84a2c4eb8cd387b42e0	He is eligible to represent Italy internationally through his father.		2	0	fourties		United States English		en	
dbacb547670f0c0caaa8ebe5f597b4edd1bc411c9dc5710e5c7dd7796ed1b8b0c280474dedeffbda49afb5bafa63791cad529c1a61e8a513449793d935633cba	common_voice_en_43209751.mp3	fb6746f08fe2b4e75db72fdb2e1600bf001991032097d2e6edf570cf1c72ded3	It can even continue to grow unrooted, as floating fragments.		2	0	fourties		United States English		en	
dbacb547670f0c0caaa8ebe5f597b4edd1bc411c9dc5710e5c7dd7796ed1b8b0c280474dedeffbda49afb5bafa63791cad529c1a61e8a513449793d935633cba	common_voice_en_43209768.mp3	fb6433d104cb5a9012ca3f3dcfd3c2fcefa2fa871e09e09a5646e865237aa27b	Arkhangelsky is the nearest rural locality.		2	0	fourties		United States English		en	
dbacb547670f0c0caaa8ebe5f597b4edd1bc411c9dc5710e5c7dd7796ed1b8b0c280474dedeffbda49afb5bafa63791cad529c1a61e8a513449793d935633cba	common_voice_en_43210015.mp3	fb643d62cdebbd2397b27cd28e06776fb6e620ed58655b84680e4c4cf654e069	Into what estate did the fall bring mankind?		2	0	fourties		United States English		en	
dbacb547670f0c0caaa8ebe5f597b4edd1bc411c9dc5710e5c7dd7796ed1b8b0c280474dedeffbda49afb5bafa63791cad529c1a61e8a513449793d935633cba	common_voice_en_43210057.mp3	fb59417b1f1dd834dcd1b4779937486cff9808d74477b31008a9d283a62b4133	Non-Yolngu are welcome to attend the festival and learn about Yolngu traditions and Law.		2	0	fourties		United States English		en	
dbacb547670f0c0caaa8ebe5f597b4edd1bc411c9dc5710e5c7dd7796ed1b8b0c280474dedeffbda49afb5bafa63791cad529c1a61e8a513449793d935633cba	common_voice_en_43210061.mp3	fb425460c929119486c48d7d5960b03e063811a0f12640111c5310f7b9995adb	Subsequently, they added the Works Bar, where customers added their own toppings to hamburgers.		2	0	fourties		United States English		en	
dbacb547670f0c0caaa8ebe5f597b4edd1bc411c9dc5710e5c7dd7796ed1b8b0c280474dedeffbda49afb5bafa63791cad529c1a61e8a513449793d935633cba	common_voice_en_43210070.mp3	fb5740443a36e0b8c3ec81185c8f957c0028e4e1d9018bf7d564620edf92bfef	American forces bombed Chichi-jima to cut radio communications between the islands.		2	0	fourties		United States English		en	
dbacb547670f0c0caaa8ebe5f597b4edd1bc411c9dc5710e5c7dd7796ed1b8b0c280474dedeffbda49afb5bafa63791cad529c1a61e8a513449793d935633cba	common_voice_en_43217992.mp3	fb87cc642ca670ff621c0d8396c97f2628969e5ec67b5929f469bb99f259206e	Town were drawn away to Walsall in the Second round.		2	0	fourties		United States English		en	
9b4966ad0f17b92511075e9b0936cd7daca30885616011980a6930510e3aa547628ce9e55dfc03f5de2ea315e42a2f0243a70cc136b2814096779d9ff66e958d	common_voice_en_42833542.mp3	f99b3d6f69a83e4fac55215b3100ebd9e28d9ca90d07d0ff2ae188c5ecfa9a09	He worked for the Inland Revenue as an inspector of taxes.		2	0	thirties	male_masculine	England English		en	
9b4966ad0f17b92511075e9b0936cd7daca30885616011980a6930510e3aa547628ce9e55dfc03f5de2ea315e42a2f0243a70cc136b2814096779d9ff66e958d	common_voice_en_42833966.mp3	f98bfad42ade8c3cbe0d9fb335c7c35a6e9d4dcb17c855ef019c6a920c61282e	The crimes are therefore to be punished in accordance with existing canon provisions.		2	0	thirties	male_masculine	England English		en	
9b4966ad0f17b92511075e9b0936cd7daca30885616011980a6930510e3aa547628ce9e55dfc03f5de2ea315e42a2f0243a70cc136b2814096779d9ff66e958d	common_voice_en_42833970.mp3	f98e53ae8dd1c5f5b6daf25ac7437b6149edf0567c5ff8f43ad75095f3cee54c	This is the only time an Amtrak operated train stops at this station.		2	0	thirties	male_masculine	England English		en	
9b4966ad0f17b92511075e9b0936cd7daca30885616011980a6930510e3aa547628ce9e55dfc03f5de2ea315e42a2f0243a70cc136b2814096779d9ff66e958d	common_voice_en_42833981.mp3	f9908831a33362e501f89aae70fa1db01929c2a5e66277da2b7bfb4bf506b7b9	The town has no rail service.		2	0	thirties	male_masculine	England English		en	
9b4966ad0f17b92511075e9b0936cd7daca30885616011980a6930510e3aa547628ce9e55dfc03f5de2ea315e42a2f0243a70cc136b2814096779d9ff66e958d	common_voice_en_42833994.mp3	f9870bacc8809be4b8bd8b6e143e5c3976b773b23c13145fee8d9b76ef23fa57	Glass bricks are produced for both wall and floor applications.		2	0	thirties	male_masculine	England English		en	
9b4966ad0f17b92511075e9b0936cd7daca30885616011980a6930510e3aa547628ce9e55dfc03f5de2ea315e42a2f0243a70cc136b2814096779d9ff66e958d	common_voice_en_42844892.mp3	f999a1d35f92651989e67be5c468f54b1e9f2f5808e1d1a328d294464eec21a0	Its control surfaces are all hydraulically actuated.		2	0	thirties	male_masculine	England English		en	
9b4966ad0f17b92511075e9b0936cd7daca30885616011980a6930510e3aa547628ce9e55dfc03f5de2ea315e42a2f0243a70cc136b2814096779d9ff66e958d	common_voice_en_42844893.mp3	f99373364ee97c0b40dfaecefae2db848b7ac7ed95700c565f67fc9a0b04a922	Microsoft did not really provide such fonts for computers sold in Romania.		2	0	thirties	male_masculine	England English		en	
9b4966ad0f17b92511075e9b0936cd7daca30885616011980a6930510e3aa547628ce9e55dfc03f5de2ea315e42a2f0243a70cc136b2814096779d9ff66e958d	common_voice_en_42844912.mp3	f9b34f1723fac575dcba007f1e095f14babbf47ce9502568ab6654547acdfbcd	Excitable media can be modelled using both partial differential equations and cellular automata.		2	0	thirties	male_masculine	England English		en	
9b4966ad0f17b92511075e9b0936cd7daca30885616011980a6930510e3aa547628ce9e55dfc03f5de2ea315e42a2f0243a70cc136b2814096779d9ff66e958d	common_voice_en_42844917.mp3	f9b658b364f5f8b54f11fcf2c7055e173266d2c40cb39e04ec921359abcd413f	She was criticized for running for such a position, given her past profession.		2	0	thirties	male_masculine	England English		en	
